{"cameraMode":{"drawMode":0,"name":"Shaded","section":"Shading Mode"},"sceneLighting":false,"audioPlay":false,"sceneViewState":{"showFog":false,"showMaterialUpdate":false,"showSkybox":false,"showFlares":false,"showImageEffects":false,"showParticleSystems":false},"in2DMode":false,"pivot":{"x":1.1920928955078126e-7,"y":0.8796594738960266,"z":0.0028836801648139955},"rotation":{"x":-0.009733612649142743,"y":0.9868149757385254,"z":-0.14794115722179414,"w":-0.06492625176906586},"size":1.0155234336853028,"orthographic":false}