{"cameraMode":{"drawMode":0,"name":"Shaded","section":"Shading Mode"},"sceneLighting":false,"audioPlay":false,"sceneViewState":{"showFog":false,"showMaterialUpdate":false,"showSkybox":false,"showFlares":false,"showImageEffects":false,"showParticleSystems":false},"in2DMode":false,"pivot":{"x":-0.3511510193347931,"y":1.180359125137329,"z":-0.5454195141792297},"rotation":{"x":-0.04487019032239914,"y":0.9536234736442566,"z":-0.1812356561422348,"w":-0.2360975742340088},"size":1.5866026878356934,"orthographic":false}