{"cameraMode":{"drawMode":0,"name":"Shaded","section":"Shading Mode"},"sceneLighting":true,"audioPlay":false,"sceneViewState":{"showFog":false,"showMaterialUpdate":false,"showSkybox":true,"showFlares":false,"showImageEffects":false,"showParticleSystems":false},"in2DMode":false,"pivot":{"x":643.0533447265625,"y":200.94134521484376,"z":-406.61077880859377},"rotation":{"x":0.08688957244157791,"y":-0.00838540866971016,"z":0.0007234281511045992,"w":0.9962060451507568},"size":95.673828125,"orthographic":false}