{"cameraMode":{"drawMode":0,"name":"Shaded","section":"Shading Mode"},"sceneLighting":false,"audioPlay":false,"sceneViewState":{"showFog":false,"showMaterialUpdate":false,"showSkybox":false,"showFlares":false,"showImageEffects":false,"showParticleSystems":false},"in2DMode":false,"pivot":{"x":0.6369236707687378,"y":0.9417617917060852,"z":-0.7206023931503296},"rotation":{"x":0.015502234920859337,"y":0.9749923944473267,"z":-0.07209473103284836,"w":0.20964863896369935},"size":1.4940149784088135,"orthographic":false}