{"cameraMode":{"drawMode":0,"name":"Shaded","section":"Shading Mode"},"sceneLighting":false,"audioPlay":false,"sceneViewState":{"showFog":false,"showMaterialUpdate":false,"showSkybox":false,"showFlares":false,"showImageEffects":false,"showParticleSystems":false},"in2DMode":false,"pivot":{"x":-0.15844911336898805,"y":1.7369956970214844,"z":-0.9178439378738403},"rotation":{"x":-0.023494422435760499,"y":-0.9484111070632935,"z":-0.07240008562803269,"w":0.30777212977409365},"size":0.944476306438446,"orthographic":false}